{
   "data": [
      {
         "name": "Cast Away",
         "category": "Movie",
         "id": "309512609075283",
         "created_time": "2011-11-04T16:52:49+0000"
      },
      {
         "name": "Braveheart",
         "category": "Movie",
         "id": "217008138317240",
         "created_time": "2011-08-20T02:19:37+0000"
      },
      {
         "name": "Ace Ventura: Pet Detective",
         "category": "Movie",
         "id": "164971330224244",
         "created_time": "2011-05-18T12:05:23+0000"
      },
      {
         "name": "The Green Mile",
         "category": "Movie",
         "id": "212526758758843",
         "created_time": "2011-05-17T22:20:22+0000"
      },
      {
         "name": "Drizzt Do'urden",
         "category": "Book",
         "id": "114760218538073",
         "created_time": "2011-05-13T23:51:33+0000"
      },
      {
         "name": "Campaign for Cancer Prevention",
         "category": "Health/medical/pharmaceuticals",
         "id": "6269489141",
         "created_time": "2011-04-13T08:37:33+0000"
      },
      {
         "name": "Stand Up To Cancer",
         "category": "Non-profit organization",
         "id": "16991655875",
         "created_time": "2011-04-12T12:53:15+0000"
      },
      {
         "name": "The Lord of the Rings Trilogy (Official Page)",
         "category": "Movie",
         "id": "212216417436",
         "created_time": "2011-03-03T01:42:08+0000"
      },
      {
         "name": "FRIENDS (TV Show)",
         "category": "Tv show",
         "id": "22577904575",
         "created_time": "2011-03-02T19:47:39+0000"
      },
      {
         "name": "Peloponissos Round Trip - eKoNES",
         "category": "Company",
         "id": "100551440017972",
         "created_time": "2010-11-10T12:34:30+0000"
      },
      {
         "name": "iSTLab",
         "category": "Science",
         "id": "135502259800757",
         "created_time": "2010-10-26T10:38:31+0000"
      },
      {
         "name": "Baywatch",
         "category": "Tv show",
         "id": "103123356394349",
         "created_time": "2010-05-27T18:44:40+0000"
      },
      {
         "name": "Sto Para 5",
         "category": "Tv",
         "id": "105618412812558",
         "created_time": "2010-05-27T18:44:40+0000"
      },
      {
         "name": "Lost",
         "category": "Tv show",
         "id": "30566281895",
         "created_time": "2010-05-27T18:44:39+0000"
      },
      {
         "name": "Prison Break ",
         "category": "Tv show",
         "id": "52268280111",
         "created_time": "2010-05-27T18:44:39+0000"
      },
      {
         "name": "Official HEROES Page",
         "category": "Tv show",
         "id": "17174318188",
         "created_time": "2010-05-27T18:44:39+0000"
      },
      {
         "name": "Forest Gump",
         "category": "Movie",
         "id": "108045035896882",
         "created_time": "2010-05-27T18:44:38+0000"
      },
      {
         "name": "Love Actually",
         "category": "Movie",
         "id": "111962568815266",
         "created_time": "2010-05-27T18:44:38+0000"
      },
      {
         "name": "Lord Of The Rings",
         "category": "Book",
         "id": "115112848502927",
         "created_time": "2010-05-27T18:44:37+0000"
      },
      {
         "name": "Geusi Pikramigdalou",
         "category": "Book",
         "id": "106179019404655",
         "created_time": "2010-05-27T18:44:37+0000"
      },
      {
         "name": "Alximistis",
         "category": "Book",
         "id": "107514302607385",
         "created_time": "2010-05-27T18:44:37+0000"
      },
      {
         "name": "Ena Paidi Metraei T'astra",
         "category": "Book",
         "id": "111769255516904",
         "created_time": "2010-05-27T18:44:37+0000"
      },
      {
         "name": "The Da Vinci Code",
         "category": "Book",
         "id": "112340672110470",
         "created_time": "2010-05-27T18:44:36+0000"
      },
      {
         "name": "Species",
         "category": "Interest",
         "id": "108382302515555",
         "created_time": "2010-05-27T18:44:36+0000"
      },
      {
         "name": "Angels & Demons",
         "category": "Book",
         "id": "108387572515020",
         "created_time": "2010-05-27T18:44:36+0000"
      },
      {
         "name": "Harry Potter",
         "category": "Book",
         "id": "107641979264998",
         "created_time": "2010-05-27T18:44:36+0000"
      },
      {
         "name": "Treasure hunting",
         "category": "Interest",
         "id": "114703671880048",
         "created_time": "2010-05-27T18:44:36+0000"
      },
      {
         "name": "Camping",
         "category": "Interest",
         "id": "105426616157521",
         "created_time": "2010-05-27T18:44:35+0000"
      },
      {
         "name": "Sports",
         "category": "Interest",
         "id": "106303419405901",
         "created_time": "2010-05-27T18:44:35+0000"
      },
      {
         "name": "Computers",
         "category": "Organization",
         "id": "110770632276416",
         "created_time": "2010-05-27T18:44:35+0000"
      },
      {
         "name": "Scuba diving",
         "category": "Sport",
         "id": "107874725900895",
         "created_time": "2010-05-27T18:44:35+0000"
      },
      {
         "name": "Soccer",
         "category": "Sport",
         "id": "102173226491776",
         "created_time": "2010-05-27T18:44:35+0000"
      },
      {
         "name": "Internet",
         "category": "Organization",
         "id": "112542592094779",
         "created_time": "2010-05-27T18:44:35+0000"
      },
      {
         "name": "\u0395\u03bb\u03bb\u03b7\u03bd\u03b9\u03ba\u03ae \u03a0\u03bf\u03b4\u03bf\u03c3\u03c6\u03b1\u03b9\u03c1\u03b9\u03ba\u03ae \u039f\u03bc\u03bf\u03c3\u03c0\u03bf\u03bd\u03b4\u03af\u03b1",
         "category": "Company",
         "id": "105736752802328",
         "created_time": "2010-05-04T19:59:25+0000"
      },
      {
         "name": "The Big Bang Theory",
         "category": "Tv show",
         "id": "22934684677",
         "created_time": "2010-04-12T13:08:47+0000"
      },
      {
         "name": "Nautilus Explorer",
         "category": "Travel/leisure",
         "id": "8395030027",
         "created_time": "2010-02-11T18:28:22+0000"
      },
      {
         "name": "Vasilis Papakonstantinou",
         "category": "Musician/band",
         "id": "22635299026",
         "created_time": "2010-02-11T17:13:20+0000"
      },
      {
         "name": "House",
         "category": "Tv show",
         "id": "7608631709",
         "created_time": "2009-02-24T12:56:25+0000"
      },
      {
         "name": "Greek Souvlaki",
         "category": "Application",
         "id": "17792112045",
         "created_time": "2008-10-20T11:21:18+0000"
      },
      {
         "name": "Dimitris Mitropanos",
         "category": "Public figure",
         "id": "26783493607",
         "created_time": "2008-10-20T11:21:10+0000"
      },
      {
         "name": "Dimitris Mitropanos | \u0394\u03b7\u03bc\u03ae\u03c4\u03c1\u03b7\u03c2 \u039c\u03b7\u03c4\u03c1\u03bf\u03c0\u03ac\u03bd\u03bf\u03c2",
         "category": "Musician/band",
         "id": "31972437092",
         "created_time": "2008-10-05T02:21:31+0000"
      },
      {
         "name": "OFI Crete",
         "category": "Professional sports team",
         "id": "9355006854",
         "created_time": "2008-09-24T13:04:45+0000"
      },
      {
         "name": "Lucky Luke",
         "category": "Public figure",
         "id": "15640693540",
         "created_time": "2008-09-22T22:27:52+0000"
      },
      {
         "name": "Netwerk",
         "category": "Local business",
         "id": "88835275006",
         "created_time": "2008-09-10T23:39:14+0000"
      },
      {
         "name": "Notis Sfakianakis",
         "category": "Musician/band",
         "id": "19548398771",
         "created_time": "2008-08-22T17:31:04+0000"
      },
      {
         "name": "I Love Summer",
         "category": "Club",
         "id": "16907174541",
         "created_time": "2008-08-10T22:08:58+0000"
      },
      {
         "name": "Greek Islands",
         "category": "Application",
         "id": "15864474490",
         "created_time": "2008-08-04T00:40:44+0000"
      },
      {
         "name": "ARKAS",
         "category": "Public figure",
         "id": "15049832811",
         "created_time": "2008-07-28T00:04:13+0000"
      },
      {
         "name": " Windows Live Messenger",
         "category": "Product/service",
         "id": "29235477352",
         "created_time": "2008-07-27T01:43:30+0000"
      },
      {
         "name": "Filipidis Petros Funs",
         "category": "Actor/director",
         "id": "12511935145",
         "created_time": "2008-07-14T10:14:47+0000"
      },
      {
         "name": "R\u00e9mi Gaillard",
         "category": "Public figure",
         "id": "9295355185",
         "created_time": "2008-06-28T15:35:50+0000"
      },
      {
         "name": "Chandler and Joey",
         "category": "Tv show",
         "id": "32829070321",
         "created_time": "2008-06-26T22:57:25+0000"
      },
      {
         "name": "Neil Buchanan and Art Attack!",
         "category": "Tv show",
         "id": "14144691089",
         "created_time": "2008-06-19T07:33:24+0000"
      }
   ],
   "paging": {
      "next": "https://graph.facebook.com/me/likes?access_token=AAAAAAITEghMBAGDbcw2s42qWFm5DZA8FAHPW0WKFQ147jH3zwIPAA1KiW0BOovu0Iq4gZCGoMtSUdTzesORTHC5dx82thdMGOwgIW5gLXg3Gi6q1uA&limit=5000&offset=5000"
   }
}