[
    {
        "Name": "HEALTH_AND_FITNESS",
        "Description": "Personal fitness, workout tracking, diet and nutritional tips, health & safety, etc.",
        "Age_Group": "PEGI 3",
        "App": {
            "App_ID": "com.myfitnesspal.android",
            "Name": "Calorie Counter - MyFitnessPal",
            "Description": "Whether you want to lose weight, tone up, get healthy, change your habits, or start a new diet MyFitnessPal has you covered. ",
            "Date": "12/18/2018",
            "Version": "Varies with device",
            "Installations": 50000000,
            "Developer": {
                "Dev_ID": 1,
                "Name": "MyFitnessPal, Inc.",
                "email": "androidfeedback@myfitnesspal.com",
                "Address": "525 Brannan Street San Francisco, CA 94107"
            }
        }
    },
    {
        "Name": "PRODUCTIVITY",
        "Description": "Notepad, to do list, keyboard, printing, calendar, backup, calculator, conversion",
        "Age_Group": "PEGI 3",
        "App": {
            "App_ID": "com.google.android.keep",
            "Name": "Google Keep - Notes and Lists",
            "Description": "Quickly capture what''s on your mind and get a reminder later at the right place or time. Speak a voice memo on the go and have it automatically transcribed.",
            "Date": "12/12/2018",
            "Version": "Varies with device",
            "Installations": 100000000,
            "Developer": {
                "Dev_ID": 2,
                "Name": "Google LLC",
                "email": "apps-help@google.com",
                "Address": "1600 Amphitheatre Parkway, Mountain View 94043"
            }
        }
    },
    {
        "Name": "TRAVEL_AND_LOCAL",
        "Description": "Trip booking tools, ride sharing, taxis, city guides, local business information, trip management tools, tour booking",
        "Age_Group": "PEGI 3",
        "App": {
            "App_ID": "com.google.earth",
            "Name": "Google Earth",
            "Description": "Explore the whole world from above with satellite imagery and 3D terrain of the entire globe and 3D buildings in hundreds of cities around the world.",
            "Date": "12/14/2018",
            "Version": "9.2.30.9",
            "Installations": 100000000,
            "Developer": {
                "Dev_ID": 2,
                "Name": "Google LLC",
                "email": "apps-help@google.com",
                "Address": "1600 Amphitheatre Parkway, Mountain View 94043"
            }
        }
    },
    {
        "Name": "COMMUNICATION",
        "Description": "Messaging, chat/IM, dialers, address books, browsers, call management",
        "Age_Group": "PEGI 3",
        "App": {
            "App_ID": "com.facebook.orca",
            "Name": "Messenger – Text and Video Chat for Free",
            "Description": "Instantly connect with the people in your life. Messenger is free, fast, and secure.",
            "Date": "12/18/2018",
            "Version": "Varies with device",
            "Installations": 1000000000,
            "Developer": {
                "Dev_ID": 4,
                "Name": "Facebook",
                "email": "android-support@fb.com",
                "Address": "android-support@fb.com"
            }
        }
    },
    {
        "Name": "WEATHER",
        "Description": "Weather reports",
        "Age_Group": "PEGI 3",
        "App": {
            "App_ID": "com.accuweather.android",
            "Name": "AccuWeather: Weather Forecast",
            "Description": "Stay connected to the latest weather conditions with AccuWeather. Now supporting Android Wear, this free app features the new AccuWeather MinuteCast, the leading minute-by-minute precipitation forecast, hyper-localized to your exact street address.",
            "Date": "11/20/2018",
            "Version": "Varies with device",
            "Installations": 50000000,
            "Developer": {
                "Dev_ID": 3,
                "Name": "AccuWeather",
                "email": "support@accuweather.com",
                "Address": "385 Science Park Road State College, PA 16803"
            }
        }
    },
    {
        "Name": "GAMES",
        "Description": "Games, arcade games, puzzles, educational applications",
        "Age_Group": "PEGI 3",
        "App": {
            "App_ID": "com.NikSanTech.FireDots3D",
            "Name": "Fire Balls 3D",
            "Description": "Fire Balls 3D is a single-tap hyper casual game that will keep you hooked for hours!",
            "Date": "12/9/2018",
            "Version": "1.8",
            "Installations": 10000000,
            "Developer": {
                "Dev_ID": 7,
                "Name": "VOODOO",
                "email": "support@voodoo.io",
                "Address": "82 Rue du Faubourg Saint Martin, 75010 Paris"
            }
        }
    },
    {
        "Name": "GAME_CASINO",
        "Description": "Games for adults",
        "Age_Group": "PEGI 12",
        "App": {
            "App_ID": "",
            "Name": "",
            "Description": "",
            "Date": "",
            "Version": "",
            "Installations": null,
            "Developer": {
                "Dev_ID": null,
                "Name": "",
                "email": "",
                "Address": ""
            }
        }
    },
    {
        "Name": "SOCIAL",
        "Description": "Social networking, check-in",
        "Age_Group": "PARENTAL GUIDANCE RECOMMENDED",
        "App": {
            "App_ID": "com.instagram.android",
            "Name": "Instagram",
            "Description": "Instagram is a simple way to capture and share the world''s moments. Follow your friends and family to see what they''re up to, and discover accounts from all over the world that are sharing things you love.",
            "Date": "12/18/2018",
            "Version": "Varies with device",
            "Installations": 1000000000,
            "Developer": {
                "Dev_ID": 8,
                "Name": "Instagram",
                "email": "android-support@instagram.com",
                "Address": ""
            }
        }
    },
    {
        "Name": "GAME_SIMULATION",
        "Description": "Simulation games for adults",
        "Age_Group": "PEGI 12",
        "App": {
            "App_ID": "com.parking.game",
            "Name": "Drive and Park",
            "Description": "Park cars. Earn money. Travel to around the world and collect cars from each location.",
            "Date": "12/20/2018",
            "Version": "1.0.5",
            "Installations": 5000000,
            "Developer": {
                "Dev_ID": 9,
                "Name": "SayGames",
                "email": "saygames.by@gmail.com",
                "Address": "Republic of Belarus, Minsk, Platonova str. 20B"
            }
        }
    },
    {
        "Name": "GAME_ACTION",
        "Description": "Action games, strategic games, battles, shooting",
        "Age_Group": "PEGI 7",
        "App": {
            "App_ID": "com.supercell.brawlstars",
            "Name": "Brawl Stars",
            "Description": "Fast-paced multiplayer battles from the makers of Clash of Clans, Clash Royale and Boom Beach.",
            "Date": "12/20/2018",
            "Version": "14.113",
            "Installations": 10000000,
            "Developer": {
                "Dev_ID": 10,
                "Name": "Supercell",
                "email": "gp-info@supercell.com",
                "Address": "Itamerenkatu 11-13 00180 Helsinki Finland"
            }
        }
    },
    {
        "Name": "ENTERTAINMENT",
        "Description": "Streaming video, Movies, TV, interactive entertainment",
        "Age_Group": "PARENTAL GUIDANCE RECOMMENDED",
        "App": {
            "App_ID": "com.netflix.mediaclient",
            "Name": "Netflix",
            "Description": "Netflix is the world''s leading subscription service for watching TV episodes and movies on your phone. This Netflix mobile application delivers the best experience anywhere, anytime.",
            "Date": "12/13/2018",
            "Version": "Varies with device",
            "Installations": 500000000,
            "Developer": {
                "Dev_ID": 11,
                "Name": "Netflix",
                "email": "playstore@netflix.com",
                "Address": "100 Winchester Circle Los Gatos, CA 95032-1815 USA"
            }
        }
    },
    {
        "Name": "ART_AND_DESIGN",
        "Description": "Sketchbooks, painter tools, art & design tools, coloring books",
        "Age_Group": "PEGI 3",
        "App": {
            "App_ID": "",
            "Name": "",
            "Description": "",
            "Date": "",
            "Version": "",
            "Installations": null,
            "Developer": {
                "Dev_ID": null,
                "Name": "",
                "email": "",
                "Address": ""
            }
        }
    },
    {
        "Name": "PHOTOGRAPHY",
        "Description": "Cameras, photo editing tools, photo management and sharing",
        "Age_Group": "PEGI 3",
        "App": {
            "App_ID": "com.facebook.moments",
            "Name": "Moments",
            "Description": "Moments helps you create shared photo albums with your friends and family. With Moments, you can quickly send photos to your friends and get photos back.",
            "Date": "7/5/2018",
            "Version": "36.3.0.1.0",
            "Installations": 50000000,
            "Developer": {
                "Dev_ID": 4,
                "Name": "Facebook",
                "email": "android-support@fb.com",
                "Address": "1 Hacker Way Menlo Park, CA 94025"
            }
        }
    },
    {
        "Name": "COMMUNICATION",
        "Description": "Messaging, chat/IM, dialers, address books, browsers, call management",
        "Age_Group": "PEGI 3",
        "App": {
            "App_ID": "com.whatsapp",
            "Name": "WhatsApp Messenger",
            "Description": "WhatsApp Messenger is a FREE messaging app available for Android and other smartphones. WhatsApp uses your phone''s Internet connection (4G/3G/2G/EDGE or Wi-Fi, as available) to let you message and call friends and family.",
            "Date": "12/13/2018",
            "Version": "Varies with device",
            "Installations": 1000000000,
            "Developer": {
                "Dev_ID": 5,
                "Name": "WhatsApp Inc.",
                "email": "android@support.whatsapp.com",
                "Address": "1601 Willow Road Menlo Park, CA 94025"
            }
        }
    },
    {
        "Name": "COMMUNICATION",
        "Description": "Messaging, chat/IM, dialers, address books, browsers, call management",
        "Age_Group": "PEGI 3",
        "App": {
            "App_ID": "com.viber.voip",
            "Name": "Viber Messenger - Messages, Group Chats & Calls",
            "Description": "Viber is the FREE, simple, fast and most secure messaging and calling app. The messenger of choice for over 1 billion users worldwide! Text now for free and make high-quality crystal-clear phone calls.",
            "Date": "12/18/2018",
            "Version": "Varies with device",
            "Installations": 500000000,
            "Developer": {
                "Dev_ID": 6,
                "Name": "Viber Media",
                "email": "support@viber.com",
                "Address": "2, rue des Fossi, L-1536 Luxembourg, Grand Duchy of Luxembourg"
            }
        }
    }
]