[
  {
    "$unwind": {
      "path": "$genres"
    }
  },
  {
    "$project": {
      "_id": 0,
      "titleType": 1,
      "startYear": 1,
      "averageRating": 1,
      "genres": 1
    }
  },
  {
    "$match": {
      "titleType": "movie",
      "startYear": {
        "$gt": 1980
      }
    }
  },
  {
    "$group": {
      "_id": "$genres",
      "add": {
        "$sum": 1
      },
      "avgRate": {
        "$avg": "$averageRating"
      }
    }
  },
  {
    "$sort": {
      "add": -1
    }
  }
]
