[{
    "questionText": "Little interest or pleasure in doing things",
    "answers": [
        "Not at all",
        "Several days",
        "More than half the days",
        "Nearly every day"
    ]
},
{
    "questionText": "Feeling down, depressed, or hopeless?",
    "answers": [
        "Not at all",
        "Several days",
        "More than half the days",
        "Nearly every day"
    ]
},
{
    "questionText": "Trouble falling or staying asleep, or sleeping too much?",
    "answers": [
        "Not at all",
        "Several days",
        "More than half the days",
        "Nearly every day"
    ]
},
{
    "questionText": "Feeling tired or having little energy?",
    "answers": [
        "Not at all",
        "Several days",
        "More than half the days",
        "Nearly every day"
    ]
},
{
    "questionText": "Poor appetite or overeating?",
    "answers": [
        "Not at all",
        "Several days",
        "More than half the days",
        "Nearly every day"
    ]
},
{
    "questionText": "Feeling bad about yourself - or that you are a failure or have let yourself or your family down?",
    "answers": [
        "Not at all",
        "Several days",
        "More than half the days",
        "Nearly every day"
    ]
},
{
    "questionText": "Trouble concentrating on things, such as reading the newspaper or watching television?",
    "answers": [
        "Not at all",
        "Several days",
        "More than half the days",
        "Nearly every day"
    ]
},
{
    "questionText": "Moving or speaking so slowly that other people could have noticed? Or the opposite - being so fidgety or restless that you have been moving around a lot more than usual?",
    "answers": [
        "Not at all",
        "Several days",
        "More than half the days",
        "Nearly every day"
    ]
},
{
    "questionText": "Thoughts that you would be better off dead, or of hurting yourself in some way?",
    "answers": [
        "Not at all",
        "Several days",
        "More than half the days",
        "Nearly every day"
    ]
}
]