[
  {
    "$project": {
      "_id": 0,
      "birthYear": 1,
      "primaryProfession": 1,
      "primaryName": 1
    }
  },
  {
    "$match": {
      "$and": [
        {
          "primaryProfession": "director"
        },
        {
          "birthYear": 1939
        },
        {
          "primaryProfession": {
            "$not": {
              "$regex": "assistant_director"
            }
          }
        }
      ]
    }
  },
  {
    "$group": {
      "_id": "$primaryName"
    }
  }
]
